<?xml version="1.0" encoding="UTF-8"?>
<beans xmlns="http://www.springframework.org/schema/beans"
    xmlns:xsi="http://www.w3.org/2001/XMLSchema-instance"
    xmlns:mvc="http://www.springframework.org/schema/mvc"
     xmlns:context="http://www.springframework.org/schema/context"
     xmlns:tx="http://www.springframework.org/schema/tx"
     xmlns:aop="http://www.springframework.org/schema/aop"
    xsi:schemaLocation="http://www.springframework.org/schema/beans
        http://www.springframework.org/schema/beans/spring-beans.xsd
        http://www.springframework.org/schema/context
        http://www.springframework.org/schema/context/spring-context-4.3.xsd
        http://www.springframework.org/schema/mvc
        http://www.springframework.org/schema/mvc/spring-mvc-4.3.xsd
        http://www.springframework.org/schema/aop
        http://www.springframework.org/schema/aop/spring-aop-4.3.xsd
        http://www.springframework.org/schema/tx
        http://www.springframework.org/schema/tx/spring-tx-4.3.xsd"  default-autowire="byName">
         <context:component-scan base-package="com"></context:component-scan>
        <!-- 视图解析器
        <bean class="org.springframework.web.servlet.view.InternalResourceViewResolver" >
       	 <property name="prefix" value="/"></property>
       	 <property name="suffix" value=".jsp"></property>
        </bean>
         -->
        <!-- 配置数据库 -->
        <bean id="dataSource" class="org.springframework.jdbc.datasource.DriverManagerDataSource">
			<property name="driverClassName" value="com.mysql.jdbc.Driver"> </property>
			<property name="url" value="jdbc:mysql://localhost:3306/bookMall_db?characterEncoding=utf8"></property>
			<property name="username" value="root"></property>
			<property name="password" value=""></property>
		</bean>
		<!-- 配置sessionFactory -->
		<bean id="sessionFactory" class="org.springframework.orm.hibernate5.LocalSessionFactoryBean">
				<property name="dataSource" ref="dataSource"></property>
				<property name="packagesToScan" value="com"></property>
				<property name="hibernateProperties">
					<props>
						<prop key="hibernate.dialect">org.hibernate.dialect.MySQLDialect</prop>
						<prop key="hibernate.show_sql">true</prop>
						<prop key="hibernate.format_sql">false</prop>
						<prop key="hibernate.userUnicode">true</prop>
						<prop key="hibernate.characterEncoding">true</prop>
					</props>
				</property>
				<property name="mappingLocations">
				   <list>
				      <value>classpath:com/bean/*.hbm.xml</value>
				   </list>
				</property>
		</bean>
		<bean id="txManager" class="org.springframework.orm.hibernate5.HibernateTransactionManager">
		    <property name="sessionFactory" ref="sessionFactory"/>
		</bean>
		<tx:annotation-driven transaction-manager="txManager"/>
		
		 <!-- <bean class="org.springframework.web.servlet.view.XmlViewResolver">  
			<property name="order" value="1" />
			<property name="location" value="/**.hbm.xml" />  
		</bean> -->
         
</beans>