<?xml version="1.0"?>
<!DOCTYPE hibernate-mapping PUBLIC "-//Hibernate/Hibernate Mapping DTD 3.0//EN"
                                   "http://hibernate.sourceforge.net/hibernate-mapping-3.0.dtd">

<hibernate-mapping package="com.bean">
	<class name="Address" table="ADDRESS" lazy="false">
		<id name="address_id" type="int" column="ADDRESS_ID">
			<generator class="identity" />
		</id>
		<property name="province" />
		<property name="city" />
		<property name="street" />
		<many-to-one name="users" column="USER_ID" class="Users" lazy="false"/>
	</class>
</hibernate-mapping>
