<?xml version="1.0"?>
<!DOCTYPE hibernate-mapping PUBLIC "-//Hibernate/Hibernate Mapping DTD 3.0//EN"
                                   "http://hibernate.sourceforge.net/hibernate-mapping-3.0.dtd">

<hibernate-mapping package="com.bean">
	<class name="Book" table="BOOK">
		<id name="book_id" type="int" column="BOOK_ID">
			<generator class="assigned" />
		</id>
		<property name="book_name" />
		<property name="book_publisher" />
		<property name="book_data" />
		<property name="book_price" type="int"/>
		<property name="book_img" />
		<many-to-one name="booktype" column="TYPE_ID" class="BookType" lazy="false"/>
	</class>
</hibernate-mapping>
