<?xml version="1.0"?>
<!DOCTYPE hibernate-mapping PUBLIC "-//Hibernate/Hibernate Mapping DTD 3.0//EN"
                                   "http://hibernate.sourceforge.net/hibernate-mapping-3.0.dtd">

<hibernate-mapping package="com.bean">
	<class name="Cart" table="CART">
		<id name="cart_id" type="int" column="CART_ID">
			<generator class="identity" />
		</id>
		<property name="book_img" />
		<property name="book_name" />
		<property name="book_price" type="int"/>
		<many-to-one name="users" column="USER_ID" class="Users"/>
		<many-to-one name="book" column="BOOK_ID" class="Book"/>
	</class>
</hibernate-mapping>
