<?xml version="1.0"?>
<!DOCTYPE hibernate-mapping PUBLIC "-//Hibernate/Hibernate Mapping DTD 3.0//EN"
                                   "http://hibernate.sourceforge.net/hibernate-mapping-3.0.dtd">
<hibernate-mapping package="com.bean">
	<class name="Orders" table="ORDERS">
		<id name="order_id" type="int" column="ORDER_ID">
			<generator class="identity" />
		</id>
		<property name="order_time" />
		<property name="state" />
		<many-to-one name="users" column="USER_ID" class="Users"  lazy="false" fetch="join"/>
		<many-to-one name="address" column="ADDRESS_ID" class="Address"   lazy="false"/>
		<set name="orderDetailSet"  inverse="true"  cascade="delete" >
    		<key column="ORDER_ID"/>
    		<one-to-many class="OrderDetail" />
		</set>
	</class>
</hibernate-mapping>
