<?xml version="1.0"?>
<!DOCTYPE hibernate-mapping PUBLIC "-//Hibernate/Hibernate Mapping DTD 3.0//EN"
                                   "http://hibernate.sourceforge.net/hibernate-mapping-3.0.dtd">

<hibernate-mapping package="com.bean">
	<class name="OrderDetail" table="ORDER_DETAIL">
		<id name="order_detail_id" type="int" column="ORDER_DETAIL_ID">
			<generator class="identity" />
		</id>
		<property name="count" />
		<many-to-one name="book" column="BOOK_ID" class="Book"  lazy="false"  />
		<many-to-one name="orders" column="ORDER_ID" class="Orders"   lazy="false"/>
	</class>
</hibernate-mapping>
