<?xml version="1.0"?>
<!DOCTYPE hibernate-mapping PUBLIC "-//Hibernate/Hibernate Mapping DTD 3.0//EN"
                                   "http://hibernate.sourceforge.net/hibernate-mapping-3.0.dtd">
<hibernate-mapping package="com.bean">
	<class name="Users" table="USERS" lazy="false">
		<id name="user_id" type="int" column="USER_ID">
			<generator class="identity" />
		</id>
		<property name="user_name" />
		<property name="user_password" />
		<property name="image" column="user_image" />
		<property name="telephone" />
		<set name="addressSet"  inverse="true"  cascade="delete"  >
    		<key column="USER_ID"/>
    		<one-to-many class="Address" />
		</set>
		<set name="ordersSet" inverse="true"  cascade="delete" >
    		<key column="USER_ID"/>
    		<one-to-many class="Orders" />
		</set>
		<set name="cartSet"  inverse="true"  cascade="delete"  >
    		<key column="USER_ID"/>
    		<one-to-many class="Cart" />
		</set>
	</class>
</hibernate-mapping>