<?xml version="1.0" encoding="UTF-8"?>
<!DOCTYPE hibernate-configuration PUBLIC "-//Hibernate/Hibernate Configuration DTD 3.0//EN" "http://www.hibernate.org/dtd/hibernate-configuration-3.0.dtd">

<hibernate-configuration>
 <session-factory>
  <property name="hibernate.dialect">org.hibernate.dialect.MySQL5Dialect</property>
  <property name="hibernate.show_sql">true</property>
  <property name="hibernate.format_sql">true</property>
  <property name="hibernate.hbm2ddl.auto">update</property>
  
  <mapping resource="com/bean/Address.hbm.xml"/>
  <mapping resource="com/bean/Admin.hbm.xml"/>
  <mapping resource="com/bean/Book.hbm.xml"/>
  <mapping resource="com/bean/BookType.hbm.xml"/>
  <mapping resource="com/bean/Cart.hbm.xml"/>
  <mapping resource="com/bean/OrderDetail.hbm.xml"/>
  <mapping resource="com/bean/Orders.hbm.xml"/>
  <mapping resource="com/bean/Users.hbm.xml"/>
</session-factory>
</hibernate-configuration>
